firstName,surname,dateOfBirth,issueCount,avatarUrl,fullname,updatedAt
John,Doe,1985-03-15,5,https://picsum.photos/200/300?random=1,John Doe,2024-01-15T10:30:00Z
Jane,Smith,1990-07-22,3,https://picsum.photos/200/300?random=2,Jane Smith,2024-01-16T14:45:00Z
Michael,Johnson,1982-11-08,7,https://picsum.photos/200/300?random=3,Michael Johnson,2024-01-17T09:15:00Z
Sarah,Williams,1988-05-12,2,https://picsum.photos/200/300?random=4,Sarah Williams,2024-01-18T16:20:00Z
David,Brown,1979-09-25,4,https://picsum.photos/200/300?random=5,David Brown,2024-01-19T11:55:00Z
Emily,Davis,1992-01-30,6,https://picsum.photos/200/300?random=6,Emily Davis,2024-01-20T13:10:00Z
Robert,Wilson,1984-12-03,1,https://picsum.photos/200/300?random=7,Robert Wilson,2024-01-21T08:40:00Z
Lisa,Anderson,1987-06-18,8,https://picsum.photos/200/300?random=8,Lisa Anderson,2024-01-22T15:25:00Z
James,Taylor,1981-04-07,3,https://picsum.photos/200/300?random=9,James Taylor,2024-01-23T12:30:00Z
Amanda,Thomas,1993-08-14,5,https://picsum.photos/200/300?random=10,Amanda Thomas,2024-01-24T17:05:00Z
Christopher,Jackson,1986-02-28,2,https://picsum.photos/200/300?random=11,Christopher Jackson,2024-01-25T10:50:00Z
Jessica,White,1989-10-11,7,https://picsum.photos/200/300?random=12,Jessica White,2024-01-26T14:35:00Z
Daniel,Harris,1983-07-05,4,https://picsum.photos/200/300?random=13,Daniel Harris,2024-01-27T09:20:00Z
Nicole,Martin,1991-12-19,6,https://picsum.photos/200/300?random=14,Nicole Martin,2024-01-28T16:45:00Z
Matthew,Garcia,1980-05-23,1,https://picsum.photos/200/300?random=15,Matthew Garcia,2024-01-29T11:15:00Z
Rachel,Rodriguez,1988-03-09,8,https://picsum.photos/200/300?random=16,Rachel Rodriguez,2024-01-30T13:40:00Z
Andrew,Lewis,1985-11-16,3,https://picsum.photos/200/300?random=17,Andrew Lewis,2024-01-31T08:55:00Z
Stephanie,Lee,1992-09-02,5,https://picsum.photos/200/300?random=18,Stephanie Lee,2024-02-01T15:10:00Z
Kevin,Walker,1984-01-27,2,https://picsum.photos/200/300?random=19,Kevin Walker,2024-02-02T12:25:00Z
Ashley,Hall,1987-08-08,7,https://picsum.photos/200/300?random=20,Ashley Hall,2024-02-03T10:30:00Z
Ryan,Allen,1981-06-13,4,https://picsum.photos/200/300?random=21,Ryan Allen,2024-02-04T17:50:00Z
Megan,Young,1990-04-20,6,https://picsum.photos/200/300?random=22,Megan Young,2024-02-05T09:15:00Z
Joshua,King,1986-12-01,1,https://picsum.photos/200/300?random=23,Joshua King,2024-02-06T14:40:00Z
Lauren,Wright,1989-02-14,8,https://picsum.photos/200/300?random=24,Lauren Wright,2024-02-07T11:05:00Z
Brandon,Lopez,1983-10-07,3,https://picsum.photos/200/300?random=25,Brandon Lopez,2024-02-08T16:20:00Z
Kimberly,Hill,1993-07-25,5,https://picsum.photos/200/300?random=26,Kimberly Hill,2024-02-09T13:35:00Z
Justin,Scott,1980-03-18,2,https://picsum.photos/200/300?random=27,Justin Scott,2024-02-10T08:50:00Z
Heather,Green,1988-05-29,7,https://picsum.photos/200/300?random=28,Heather Green,2024-02-11T15:15:00Z
Tyler,Adams,1985-11-04,4,https://picsum.photos/200/300?random=29,Tyler Adams,2024-02-12T12:30:00Z
Samantha,Baker,1991-01-12,6,https://picsum.photos/200/300?random=30,Samantha Baker,2024-02-13T10:45:00Z
Nathan,Gonzalez,1982-09-06,1,https://picsum.photos/200/300?random=31,Nathan Gonzalez,2024-02-14T17:00:00Z
Victoria,Nelson,1987-12-23,8,https://picsum.photos/200/300?random=32,Victoria Nelson,2024-02-15T09:25:00Z
Adam,Carter,1984-06-17,3,https://picsum.photos/200/300?random=33,Adam Carter,2024-02-16T14:40:00Z
Rebecca,Mitchell,1992-04-09,5,https://picsum.photos/200/300?random=34,Rebecca Mitchell,2024-02-17T11:55:00Z
Eric,Perez,1981-08-31,2,https://picsum.photos/200/300?random=35,Eric Perez,2024-02-18T16:10:00Z
Danielle,Roberts,1989-03-14,7,https://picsum.photos/200/300?random=36,Danielle Roberts,2024-02-19T13:25:00Z
Steven,Turner,1986-10-28,4,https://picsum.photos/200/300?random=37,Steven Turner,2024-02-20T08:40:00Z
Michelle,Phillips,1990-07-03,6,https://picsum.photos/200/300?random=38,Michelle Phillips,2024-02-21T15:55:00Z
Timothy,Campbell,1983-01-26,1,https://picsum.photos/200/300?random=39,Timothy Campbell,2024-02-22T12:10:00Z
Christina,Parker,1988-05-19,8,https://picsum.photos/200/300?random=40,Christina Parker,2024-02-23T09:35:00Z
Sean,Evans,1985-12-11,3,https://picsum.photos/200/300?random=41,Sean Evans,2024-02-24T14:50:00Z
Tiffany,Edwards,1993-09-22,5,https://picsum.photos/200/300?random=42,Tiffany Edwards,2024-02-25T11:05:00Z
Brian,Collins,1980-04-05,2,https://picsum.photos/200/300?random=43,Brian Collins,2024-02-26T16:20:00Z
Amber,Stewart,1987-11-16,7,https://picsum.photos/200/300?random=44,Amber Stewart,2024-02-27T13:35:00Z
Mark,Sanchez,1984-02-08,4,https://picsum.photos/200/300?random=45,Mark Sanchez,2024-02-28T08:50:00Z
Melissa,Morris,1991-06-30,6,https://picsum.photos/200/300?random=46,Melissa Morris,2024-02-29T15:15:00Z
Gregory,Rogers,1982-08-13,1,https://picsum.photos/200/300?random=47,Gregory Rogers,2024-03-01T12:30:00Z
Crystal,Reed,1989-01-24,8,https://picsum.photos/200/300?random=48,Crystal Reed,2024-03-02T09:45:00Z
Travis,Cook,1986-07-07,3,https://picsum.photos/200/300?random=49,Travis Cook,2024-03-03T14:00:00Z
Erica,Morgan,1992-10-18,5,https://picsum.photos/200/300?random=50,Erica Morgan,2024-03-04T11:25:00Z
Derek,Bell,1981-03-21,2,https://picsum.photos/200/300?random=51,Derek Bell,2024-03-05T16:40:00Z
Monica,Murphy,1988-12-04,7,https://picsum.photos/200/300?random=52,Monica Murphy,2024-03-06T13:55:00Z
Corey,Bailey,1985-05-29,4,https://picsum.photos/200/300?random=53,Corey Bailey,2024-03-07T08:10:00Z
Lindsey,Rivera,1990-02-15,6,https://picsum.photos/200/300?random=54,Lindsey Rivera,2024-03-08T15:35:00Z
Jesse,Cooper,1983-11-28,1,https://picsum.photos/200/300?random=55,Jesse Cooper,2024-03-09T12:50:00Z
Chelsea,Richardson,1987-09-10,8,https://picsum.photos/200/300?random=56,Chelsea Richardson,2024-03-10T09:05:00Z
Aaron,Cox,1984-01-03,3,https://picsum.photos/200/300?random=57,Aaron Cox,2024-03-11T14:20:00Z
Brittany,Howard,1993-04-26,5,https://picsum.photos/200/300?random=58,Brittany Howard,2024-03-12T11:45:00Z
Zachary,Ward,1980-06-19,2,https://picsum.photos/200/300?random=59,Zachary Ward,2024-03-13T16:00:00Z
Vanessa,Torres,1989-08-02,7,https://picsum.photos/200/300?random=60,Vanessa Torres,2024-03-14T13:15:00Z
Cody,Peterson,1986-12-25,4,https://picsum.photos/200/300?random=61,Cody Peterson,2024-03-15T08:30:00Z
Courtney,Gray,1991-07-08,6,https://picsum.photos/200/300?random=62,Courtney Gray,2024-03-16T15:55:00Z
Blake,Ramirez,1982-03-31,1,https://picsum.photos/200/300?random=63,Blake Ramirez,2024-03-17T12:10:00Z
Jenna,James,1988-10-14,8,https://picsum.photos/200/300?random=64,Jenna James,2024-03-18T09:25:00Z
Garrett,Watson,1985-05-27,3,https://picsum.photos/200/300?random=65,Garrett Watson,2024-03-19T14:40:00Z
Katherine,Brooks,1992-01-09,5,https://picsum.photos/200/300?random=66,Katherine Brooks,2024-03-20T11:05:00Z
Marcus,Kelly,1981-09-16,2,https://picsum.photos/200/300?random=67,Marcus Kelly,2024-03-21T16:30:00Z
Holly,Sanders,1987-04-23,7,https://picsum.photos/200/300?random=68,Holly Sanders,2024-03-22T13:45:00Z
Devin,Price,1984-11-05,4,https://picsum.photos/200/300?random=69,Devin Price,2024-03-23T08:00:00Z
Alexis,Bennett,1990-12-18,6,https://picsum.photos/200/300?random=70,Alexis Bennett,2024-03-24T15:25:00Z
Jordan,Wood,1983-06-12,1,https://picsum.photos/200/300?random=71,Jordan Wood,2024-03-25T12:40:00Z
Cassandra,Barnes,1989-02-28,8,https://picsum.photos/200/300?random=72,Cassandra Barnes,2024-03-26T09:55:00Z
Colton,Ross,1986-08-07,3,https://picsum.photos/200/300?random=73,Colton Ross,2024-03-27T14:10:00Z
Jacqueline,Henderson,1993-05-20,5,https://picsum.photos/200/300?random=74,Jacqueline Henderson,2024-03-28T11:35:00Z
Preston,Coleman,1980-01-13,2,https://picsum.photos/200/300?random=75,Preston Coleman,2024-03-29T16:50:00Z
Savannah,Jenkins,1988-07-26,7,https://picsum.photos/200/300?random=76,Savannah Jenkins,2024-03-30T13:05:00Z
Chase,Perry,1985-10-09,4,https://picsum.photos/200/300?random=77,Chase Perry,2024-03-31T08:20:00Z
Madison,Powell,1991-03-02,6,https://picsum.photos/200/300?random=78,Madison Powell,2024-04-01T15:45:00Z
Hayden,Long,1982-12-15,1,https://picsum.photos/200/300?random=79,Hayden Long,2024-04-02T12:00:00Z
Ariana,Patterson,1987-06-08,8,https://picsum.photos/200/300?random=80,Ariana Patterson,2024-04-03T09:15:00Z
Seth,Hughes,1984-04-21,3,https://picsum.photos/200/300?random=81,Seth Hughes,2024-04-04T14:30:00Z
Isabella,Flores,1992-11-04,5,https://picsum.photos/200/300?random=82,Isabella Flores,2024-04-05T11:55:00Z
Cameron,Washington,1981-08-17,2,https://picsum.photos/200/300?random=83,Cameron Washington,2024-04-06T16:10:00Z
Sophia,Butler,1989-01-30,7,https://picsum.photos/200/300?random=84,Sophia Butler,2024-04-07T13:25:00Z
Gavin,Simmons,1986-09-12,4,https://picsum.photos/200/300?random=85,Gavin Simmons,2024-04-08T08:40:00Z
Chloe,Foster,1990-05-25,6,https://picsum.photos/200/300?random=86,Chloe Foster,2024-04-09T15:05:00Z
Landon,Gonzales,1983-02-18,1,https://picsum.photos/200/300?random=87,Landon Gonzales,2024-04-10T12:20:00Z
Aubrey,Bryant,1988-12-01,8,https://picsum.photos/200/300?random=88,Aubrey Bryant,2024-04-11T09:35:00Z
Tristan,Alexander,1985-07-14,3,https://picsum.photos/200/300?random=89,Tristan Alexander,2024-04-12T14:50:00Z
Zoe,Russell,1993-03-27,5,https://picsum.photos/200/300?random=90,Zoe Russell,2024-04-13T11:15:00Z
Dominic,Griffin,1980-10-10,2,https://picsum.photos/200/300?random=91,Dominic Griffin,2024-04-14T16:30:00Z
Lily,Diaz,1987-04-03,7,https://picsum.photos/200/300?random=92,Lily Diaz,2024-04-15T13:45:00Z
Xavier,Hayes,1984-11-26,4,https://picsum.photos/200/300?random=93,Xavier Hayes,2024-04-16T08:00:00Z
Grace,Myers,1991-08-19,6,https://picsum.photos/200/300?random=94,Grace Myers,2024-04-17T15:25:00Z
Carson,Ford,1982-06-05,1,https://picsum.photos/200/300?random=95,Carson Ford,2024-04-18T12:40:00Z
Scarlett,Hamilton,1989-01-22,8,https://picsum.photos/200/300?random=96,Scarlett Hamilton,2024-04-19T09:55:00Z
Asher,Graham,1986-12-09,3,https://picsum.photos/200/300?random=97,Asher Graham,2024-04-20T14:10:00Z
Violet,Sullivan,1992-09-16,5,https://picsum.photos/200/300?random=98,Violet Sullivan,2024-04-21T11:35:00Z
Leo,Wallace,1981-05-29,2,https://picsum.photos/200/300?random=99,Leo Wallace,2024-04-22T16:50:00Z
Penelope,Woods,1988-02-11,7,https://picsum.photos/200/300?random=100,Penelope Woods,2024-04-23T13:05:00Z